code,name,trading_value,close_price
00400A,主動國泰動能高息,685010807,13.9
00401A,主動摩根台灣鑫收,147101354,13.08
00403A,主動統一升級50,5509323726,10.2
0050,元大台灣50,6213742970,97.3
0051,元大中型100,12420738,136.4
0052,富邦科技,1886164409,57.65
0053,元大電子,5976932,225.85
0055,元大MSCI金融,10888793,33.9
0056,元大高股息,2622430304,46.35
0057,富邦摩台,1819332,289.4
0061,元大寶滬深,6883645,24.69
006203,元大MSCI台灣,6494100,177.25
006204,永豐臺灣加權,6904519,211.65
006205,富邦上証,43651167,40.72
006206,元大上證50,5060891,36.57
006207,復華滬深,5368801,32.99
006208,富邦台50,771051367,225.05
00625K,富邦上証+R,53280,8.88
00631L,元大台灣50正2,6126073302,32.56
00632R,元大台灣50反1,1345949351,11.08
00633L,富邦上証正2,191061182,50.7
00634R,富邦上証反1,588960,3.11
00635U,期元大S&P黃金,165281604,47.35
00636,國泰中國A50,31818535,28.08
00636K,國泰中國A50+U,1792,8.96
00637L,元大滬深300正2,941331271,20.91
00638R,元大滬深300反1,802444,6.65
00639,富邦深100,24441083,17.7
00640L,富邦日本正2,25931388,99.7
00641R,富邦日本反1,3691395,3.91
00642U,期元大S&P石油,182556093,30.88
00643,群益深証中小,52710554,20.18
00643K,群益深証中小+R,0,
00645,富邦日本,9837446,54.85
00646,元大S&P500,435398486,74.25
00647L,元大S&P500正2,3858308,133.85
00648R,元大S&P500反1,2476831,4.01
00650L,復華香港正2,70856380,17.24
00651R,復華香港反1,213556,5.21
00652,富邦印度,9964649,32.29
00653L,富邦印度正2,7753713,45.61
00654R,富邦印度反1,13720,6.86
00655L,國泰中國A50正2,57772083,35.24
00656R,國泰中國A50反1,403324,5.9
00657,國泰日經225,6894704,74.3
00657K,國泰日經225+U,4718,23.59
00660,元大歐洲50,833983,43.7
00661,元大日經225,6363215,81.85
00662,富邦NASDAQ,385827218,119.5
00663L,國泰臺灣加權正2,797135986,94.4
00664R,國泰臺灣加權反1,51172156,1.79
00665L,富邦恒生國企正2,170678409,9.69
00666R,富邦恒生國企反1,145220,9.05
00668,國泰美國道瓊,2574221,58.0
00668K,國泰美國道瓊+U,3674,18.37
00669R,國泰美國道瓊反1,7303655,5.45
00670L,富邦NASDAQ正2,131977644,209.0
00671R,富邦NASDAQ反1,13691632,2.44
00673R,期元大S&P原油反1,225221096,11.82
00674R,期元大S&P黃金反1,3107238,27.31
00675L,富邦臺灣加權正2,622956485,285.85
00676R,富邦臺灣加權反1,49882069,6.1
00678,群益那斯達克生技,7795590,35.81
00680L,元大美債20正2,112736012,6.67
00681R,元大美債20反1,150927,21.43
00682U,期元大美元指數,42755,20.39
00683L,期元大美元指正2,191836,21.25
00684R,期元大美元指反1,198250,15.25
00685L,群益臺灣加權正2,765948493,258.35
00686R,群益臺灣加權反1,7491464,1.1
00688L,國泰20年美債正2,81270634,6.66
00689R,國泰20年美債反1,1297093,22.36
00690,兆豐藍籌30,61567887,73.6
00692,富邦公司治理,129807653,84.6
00693U,期街口S&P黃豆,17481813,22.11
00700,富邦恒生國企,2088051,17.15
00701,國泰股利精選30,20358693,32.08
00702,國泰標普低波高息,4030764,24.03
00703,台新MSCI中國,767652,19.73
00706L,期元大S&P日圓正2,10682749,19.29
00707R,期元大S&P日圓反1,192050,31.9
00708L,期元大S&P黃金正2,188348151,89.85
00709,富邦歐洲,3031663,38.68
00710B,復華彭博非投等債,1574646,18.85
00711B,復華彭博新興債,613200,15.82
00712,復華富時不動產,231763573,8.77
00713,元大台灣高息低波,579221950,55.7
00714,群益道瓊美國地產,3193448,21.59
00715L,期街口布蘭特正2,602990257,62.25
00717,富邦美國特別股,1167404,14.93
00728,第一金工業30,18572444,59.05
00730,富邦臺灣優質高息,9128582,27.34
00731,復華富時高息低波,74424836,75.35
00733,富邦臺灣中小,96693382,72.35
00735,國泰臺韓科技,185258686,101.2
00736,國泰新興市場,3066065,30.23
00737,國泰AI機器人,13775470,37.95
00738U,期元大道瓊白銀,263309554,61.8
00739,元大MSCI A股,1129928,28.53
00752,中信中國50,279579638,23.26
00753L,中信中國50正2,204109228,9.98
00757,統一FANG+,268974835,129.2
00762,元大全球AI,15201267,111.5
00763U,期街口道瓊銅,32619209,34.16
00770,國泰北美科技,39122477,65.2
00771,元大US高息特別股,1628359,15.87
00775B,台新投等債15+,2899765,31.75
00783,富邦中証500,4620295,29.85
00830,國泰費城半導體,543018291,84.25
00850,元大臺灣ESG永續,235298827,82.85
00851,台新全球AI,1256636,65.55
00852L,國泰美國道瓊正2,16312776,32.45
00861,元大全球未來通訊,15259017,85.75
00865B,國泰US短期公債,114376157,47.97
00875,國泰網路資安,11724920,45.27
00876,元大全球5G,25805313,86.35
00878,國泰永續高股息,2689704523,28.27
00881,國泰台灣科技龍頭,571448466,51.1
00882,中信中國高股息,148018818,15.79
00885,富邦越南,73034947,18.96
00891,中信關鍵半導體,996948047,33.61
00892,富邦台灣半導體,173621413,43.05
00893,國泰智能電動車,29821857,45.18
00894,中信小資高價30,201823784,47.37
00895,富邦未來車,60663833,50.2
00896,中信綠能及電動車,44219302,26.8
00897,富邦基因免疫生技,3860688,9.76
00898,國泰基因免疫革命,1982586,8.03
00899,FT潔淨能源,6860999,28.26
00900,富邦特選高股息30,284219143,17.43
00901,永豐智能車供應鏈,16850145,42.82
00902,中信電池及儲能,34140332,16.42
00903,富邦元宇宙,3094777,21.69
00904,台新臺灣半導體30,84095198,39.47
00905,FT臺灣Smart,61119557,25.4
00907,永豐優息存股,18153925,14.87
00908,富邦入息REITs+,911349,14.38
00909,國泰數位支付服務,195048172,48.99
00910,第一金太空衛星,137455755,78.1
00911,兆豐洲際半導體,23157563,56.3
00912,中信臺灣智慧50,24401309,30.87
00913,兆豐台灣晶圓製造,63803988,45.2
00915,凱基優選高股息30,139463669,27.43
00916,國泰全球品牌50,3829899,28.11
00917,中信特選金融,32169447,21.72
00918,大華優利高填息30,613381202,26.99
00919,群益台灣精選高息,2161381858,26.73
00920,富邦ESG綠色電力,12903501,26.59
00921,兆豐龍頭等權重,8468028,21.73
00922,國泰台灣領袖50,342058574,36.86
00923,群益台ESG低碳50,192951445,38.87
00924,復華S&P500成長,56959854,32.29
00926,凱基全球菁英55,50317112,25.43
00927,群益半導體收益,709570984,36.53
00929,復華台灣科技優息,1054883420,27.08
00930,永豐ESG低碳高息,108212646,22.41
00932,兆豐永續高息等權,29283527,16.56
00934,中信成長高股息,113872469,26.1
00935,野村臺灣新科技50,763654007,56.35
00936,台新永續高息中小,125157615,20.02
00938,凱基優選30,36752034,20.99
00939,統一台灣高息動能,95604685,18.8
00940,元大台灣價值高息,583066740,11.49
00941,中信上游半導體,51188298,24.98
00943,兆豐電子高息等權,3627488,21.02
00944,野村趨勢動能高息,9514595,19.04
00945B,凱基美國非投等債,82693862,14.38
00946,群益科技高息成長,75897247,13.5
00947,台新臺灣IC設計,346651813,36.39
00949,復華日本龍頭,25057685,20.23
00951,台新日本半導體,34375419,16.49
00952,凱基台灣AI50,53993137,17.89
00953B,群益優選非投等債,242833247,9.59
00954,中信日本半導體,34350196,17.6
00956,中信日經高股息,3525759,12.32
00960,野村全球航運龍頭,5424378,17.76
00961,FT臺灣永續高息,66315889,11.57
00962,台新AI優息動能,5597557,13.89
00963,中信全球高股息,8448409,12.78
00964,中信亞太高股息,17894442,14.22
00965,元大航太防衛科技,97728046,25.34
00971,野村美國研發龍頭,4615592,16.73
00972,野村日本動能高息,8095532,19.28
009800,中信NASDAQ,11912969,12.91
009801,中信美國創新科技,7089079,12.17
009802,富邦旗艦50,164579804,18.33
009803,玉山市值動能50,40454395,20.48
009804,聯邦台精彩50,27894447,21.49
009805,台新美國電力基建,241177275,16.54
009808,華南永昌優選50,16173223,28.49
009809,富邦淨零ESG50,15823423,15.64
00980A,主動野村臺灣優選,296223190,23.16
009810,玉山全球藍籌100,3878642,20.84
009811,統一美國50,16090387,12.96
009812,野村日本東證,9801292,12.11
009813,貝萊德標普卓越50,21817751,11.36
009816,凱基台灣TOP50,1625793523,14.19
009817,國泰日本不動產,31562568,8.88
009818,華南永昌NASDAQxT,11511452,19.13
009819,中信數據及電力,130468416,10.17
00981A,主動統一台股增長,10323197918,29.95
00981T,平衡凱基雙核收息,29111438,11.76
009820,元大納斯達克精選,301487511,10.22
00982A,主動群益台灣強棒,1258056916,22.64
00982D,主動富邦動態入息,14077813,9.87
00982T,平衡兆豐台美動能,4208244,14.66
00983A,主動中信ARK創新,33425298,11.59
00983D,主動富邦複合收益,10574604,10.04
00984A,主動安聯台灣高息,98859432,15.2
00984D,主動聯博全球非投,244264687,10.06
00985A,主動野村台灣50,154703061,21.33
00985B,群益ESG投等債0-5,31403323,10.16
00986A,主動台新龍頭成長,5900427,14.67
00987A,主動台新優勢成長,169929902,17.34
00988A,主動統一全球創新,2175991788,20.36
00989A,主動摩根美國科技,74138554,17.51
00990A,主動元大AI新經濟,709431471,18.53
00991A,主動復華未來50,1530307498,18.58
00992A,主動群益科技創新,1594676440,18.28
00993A,主動安聯台灣,198047523,13.12
00994A,主動第一金台股優,199813259,17.64
00995A,主動中信台灣卓越,200727318,17.29
00996A,主動兆豐台灣豐收,209001770,14.62
00997A,主動群益美國增長,277432642,12.66
00999A,主動野村臺灣高息,476234297,10.42
01001T,土銀富邦R1,57967,11.59
01002T,土銀國泰R1,161880,14.08
01004T,土銀富邦R2,1179030,10.5
01007T,兆豐國泰R2,1163090,12.78
01009T,王道圓滿R1,91890,5.75
01010T,京城樂富R1,638980,10.0
020000,富邦特選蘋果N,0,
020011,統一微波高息20N,0,
020012,富邦行動通訊N,72420,24.14
02001L,富邦蘋果正二N,12966950,139.9
02001R,富邦蘋果反一N,26300,0.46
020020,元大台股領航N,936030,25.66
020028,元大特選電動車N,287250,19.25
020029,元大ESG高股息N,593740,15.71
020030,統一智慧電動車N,655140,17.38
020031,統一IC設計臺灣N,1138950,10.48
020032,元大綠能N,0,
020034,元大IC設計N,54140,13.7
020036,元大金融配息N,0,
020037,元大金融高股息N,103890,8.66
020038,元大ESG配息N,121040,12.15
020039,元大加權N,79950,13.39
1101,台泥,540211964,24.1
1101B,台泥乙特,17283,
1102,亞泥,406233491,34.4
1103,嘉泥,2394763,13.1
1104,環泥,11291017,27.55
1108,幸福,9351076,13.55
1109,信大,5829662,14.55
1110,東泥,2142362,14.2
1201,味全,5974388,12.05
1203,味王,1781042,42.6
1210,大成,112089037,52.4
1213,大飲,126536,8.47
1215,卜蜂,207871689,143.0
1216,統一,1319287782,71.5
1217,愛之味,4929991,9.42
1218,泰山,8723533,18.65
1219,福壽,7302450,12.45
1220,台榮,1451187,11.85
1225,福懋油,2367373,29.45
1227,佳格,18052516,28.45
1229,聯華,122629000,38.7
1231,聯華食,26057581,85.8
1232,大統益,11044773,147.5
1233,天仁,144576,28.8
1234,黑松,4637832,33.55
1235,興泰,535701,38.35
1236,宏亞,567209,24.0
1256,鮮活果汁-KY,16666249,183.5
1301,台塑,557733405,45.25
1303,南亞,4024928072,86.7
1304,台聚,61006536,12.3
1305,華夏,41978547,12.4
1307,三芳,16375429,31.5
1308,亞聚,31053922,13.3
1309,台達化,66969042,15.75
1310,台苯,30358051,7.98
1312,國喬,56231880,10.4
1312A,國喬特,41900,20.95
1313,聯成,23707731,10.65
1314,中石化,139406641,7.08
1315,達新,1293084,60.9
1316,上曜,26308457,10.4
1319,東陽,252679618,81.6
1321,大洋,8876017,29.35
1323,永裕,2300369,20.1
1324,地球,1188731,10.2
1325,恆大,11411401,26.6
1326,台化,509456371,45.55
1337,再生-KY,2158779,4.8
1338,廣華-KY,2793360,15.85
1339,昭輝,3988965,40.7
1340,勝悅-KY,1400720,5.45
1341,富林-KY,530756,61.3
1342,八貫,33402900,94.2
1402,遠東新,964449528,27.0
1409,新纖,153956521,17.2
1410,南染,457838,26.5
1413,宏洲,42712,9.42
1414,東和,3802610,15.45
1416,廣豐,2936257,11.15
1417,嘉裕,1500952,8.16
1418,東華,561519,17.75
1419,新紡,8360607,62.6
1423,利華,1312235,40.9
1432,大魯閣,2391326,16.45
1434,福懋,25714369,15.2
1436,華友聯,11202027,45.45
1437,勤益控,4533529,28.5
1438,三地開發,634133,20.7
1439,雋揚,4306148,25.9
1440,南紡,18877050,11.35
1441,大東,851717,9.34
1442,名軒,18312588,26.0
1443,立益物流,292572,26.1
1444,力麗,5847756,5.95
1445,大宇,2503525,11.8
1446,宏和,2237908,15.7
1447,力鵬,13554158,6.0
1449,佳和,12039582,12.65
1451,年興,6426401,16.7
1452,宏益,553102,10.6
1453,大將,612704,11.35
1454,台富,613598,12.6
1455,集盛,4518464,8.17
1456,怡華,260806,12.85
1457,宜進,2160230,14.05
1459,聯發,1176735,11.75
1460,宏遠,3940346,6.98
1463,強盛新,639656,17.9
1464,得力,4505352,10.1
1465,偉全,189540,12.05
1466,聚隆,2012588,14.75
1467,南緯,3336024,6.95
1468,昶和,506650,12.05
1470,大統新創,241972,22.0
1471,首利,5972099,10.85
1472,三洋實業,471704,89.5
1473,台南,1381702,20.45
1474,弘裕,2862162,9.81
1475,業旺,1083672,25.1
1476,儒鴻,606438615,342.5
1477,聚陽,536386660,219.0
1503,士電,503528020,197.0
1504,東元,1206785745,72.1
1506,正道,9837522,10.95
1512,瑞利,533252,6.99
1513,中興電,982987275,156.5
1514,亞力,596528273,122.5
1515,力山,10524235,22.65
1516,川飛,374674,20.75
1517,利奇,4248340,10.0
1519,華城,1511412786,826.0
1521,大億,566783,24.15
1522,堤維西,21494481,29.45
1522A,堤維西甲特,22163,
1524,耿鼎,52328083,29.55
1525,江申,14301661,64.8
1526,日馳,1268521,14.6
1527,鑽全,13859643,32.95
1528,恩德,146763103,26.3
1529,樂事綠能,15126378,21.0
1530,亞崴,2145736,28.0
1531,高林股,1835678,12.35
1532,勤美,14507628,20.55
1533,車王電,50394660,38.85
1535,中宇,1714287,49.45
1536,和大,114357011,51.6
1537,廣隆,7940197,125.5
1538,正峰,37213,12.0
1539,巨庭,1382105,15.45
1540,喬福,8846828,21.35
1541,錩泰,434780,20.7
1558,伸興,4657004,90.8
1560,中砂,2726366168,688.0
1563,巧新,33267111,46.05
1568,倉佑,8098876,29.05
1582,信錦,1900712721,115.0
1583,程泰,958746,47.25
1587,吉茂,8632459,28.55
1590,亞德客-KY,1883790100,1410.0
1597,直得,875814731,183.0
1598,岱宇,4539004,20.1
1603,華電,9587602,30.7
1604,聲寶,8350758,23.2
1605,華新,2194311670,36.5
1608,華榮,110484195,33.3
1609,大亞,177123278,35.5
1611,中電,5286280,11.5
1612,宏泰,28218768,36.6
1614,三洋電,1957027,30.8
1615,大山,5123841,42.9
1616,億泰,12779904,22.05
1617,榮星,5597225,14.9
1618,合機,22990544,39.3
1623,大東電,41756013,224.5
1626,艾美特-KY,393216,9.96
1702,南僑,12655515,33.25
1707,葡萄王,54350075,103.0
1708,東鹼,102531099,39.15
1709,和益,10591764,18.4
1710,東聯,72760596,12.95
1711,永光,788214041,51.1
1712,興農,65647346,39.9
1713,國化,9016392,47.8
1714,和桐,22394303,9.67
1717,長興,5627996562,83.0
1718,中纖,19177733,6.46
1720,生達,12096748,62.1
1721,國慶科技,235542414,29.0
1722,台肥,91952218,46.05
1723,中碳,57828810,81.7
1725,元禎,3796300,31.1
1726,永記,1676983,76.7
1727,中華化,1510187831,102.0
1730,花仙子,5099426,52.5
1731,美吾華,2881099,21.5
1732,毛寶,9808278,26.55
1733,五鼎,3635980,29.65
1734,杏輝,8752477,30.75
1735,日勝化,17466907,26.8
1736,喬山,62272376,118.5
1737,臺鹽,3258017,31.55
1752,南光,1970458,32.75
1760,寶齡富錦,9462114,61.8
1762,中化生,16922513,37.95
1773,勝一,512906331,184.5
1776,展宇,7623081,18.95
1783,和康生,3102816,39.0
1786,科妍,17206260,58.2
1789,神隆,14385272,19.35
1795,美時,596554610,201.0
1802,台玻,8676078603,70.5
1805,寶徠,2337032,10.1
1806,冠軍,1687193,8.06
1808,潤隆,72189147,28.65
1809,中釉,164540652,41.5
1810,和成,27133341,19.05
1817,凱撒衛,3952470,39.35
1903,士紙,8815726,47.95
1904,正隆,38684195,19.1
1905,華紙,33269417,12.1
1906,寶隆,2297774,10.5
1907,永豐餘,19424550,24.45
1909,榮成,22708100,8.96
2002,中鋼,603860544,18.15
2002A,中鋼特,1285151,38.75
2006,東和鋼鐵,70769269,65.5
2007,燁興,1695347,6.97
2008,高興昌,415930,27.55
2009,第一銅,65163543,39.3
2010,春源,30413916,22.4
2012,春雨,1033160,14.2
2013,中鋼構,4178002,41.9
2014,中鴻,90763597,17.15
2015,豐興,13923704,61.6
2017,官田鋼,4968168,8.52
2020,美亞,9466836,21.3
2022,聚亨,4757269,7.59
2023,燁輝,59029339,13.7
2024,志聯,8049,
2025,千興,11321377,12.4
2027,大成鋼,1026317894,41.95
2028,威致,4930301,17.1
2029,盛餘,5195731,20.3
2030,彰源,20707082,17.1
2031,新光鋼,34876391,38.25
2032,新鋼,6645295,16.5
2033,佳大,2506864,15.45
2034,允強,18805383,19.8
2038,海光,9481956,13.2
2049,上銀,2188808273,376.5
2059,川湖,1074932945,5090.0
2062,橋椿,16220624,18.5
2069,運錩,12670454,19.2
2072,世紀風電,75094506,169.0
2101,南港,67763215,30.7
2102,泰豐,7541793,18.3
2103,台橡,109172577,19.8
2104,國際中橡,18672695,9.95
2105,正新,414886749,31.9
2106,建大,20809191,16.7
2107,厚生,7295342,25.25
2108,南帝,29148934,27.95
2109,華豐,1736562,14.0
2114,鑫永銓,9682052,90.1
2115,六暉-KY,617587,20.7
2201,裕隆,64256584,26.85
2204,中華,91145048,53.1
2206,三陽工業,98436695,60.1
2207,和泰車,178068697,462.0
2208,台船,62472738,18.55
2211,長榮鋼,73188285,92.0
2227,裕日車,959515,49.2
2228,劍麟,14119731,83.6
2231,為升,34810376,106.5
2233,宇隆,1571272737,347.0
2236,百達-KY,144713193,146.5
2239,英利-KY,3890789,22.4
2241,艾姆勒,202948487,37.85
2243,宏旭-KY,14168066,22.8
2247,汎德永業,12582222,207.0
2248,華勝-KY,2640793,54.6
2250,IKKA-KY,4702696,63.0
2254,巨鎧精密-創,180351,58.1
2258,鴻華先進-創,64180956,30.4
2301,光寶科,4214047918,207.0
2302,麗正,222676992,28.1
2303,聯電,23366571670,114.0
2305,全友,166728781,18.8
2308,台達電,17830557965,2095.0
2312,金寶,4401510123,33.1
2313,華通,27213061480,278.0
2314,台揚,31937076,15.8
2316,楠梓電,2696612854,153.5
2317,鴻海,14068289262,250.0
2321,東訊,197018,12.8
2323,中環,106666207,10.2
2324,仁寶,6320095709,31.5
2327,國巨*,45499501469,629.0
2328,廣宇,910558954,54.8
2329,華泰,626706004,54.6
2330,台積電,60188140377,2255.0
2331,精英,165664689,20.85
2332,友訊,183025979,15.45
2337,旺宏,16848938310,149.5
2338,光罩,504302639,54.4
2340,台亞,409881255,38.65
2342,茂矽,188516707,41.4
2344,華邦電,23713688822,125.0
2345,智邦,6848463020,2470.0
2347,聯強,402999159,84.1
2348,海悅,13713347,69.0
2348A,海悅甲特,420264,37.85
2349,錸德,92247460,13.0
2351,順德,1587874039,186.5
2352,佳世達,893517776,28.75
2353,宏碁,2065007474,29.55
2354,鴻準,615311058,60.2
2355,敬鵬,4479055415,65.2
2356,英業達,7099658868,59.5
2357,華碩,3713787186,682.0
2359,所羅門,1043014918,141.0
2360,致茂,8365541255,2270.0
2362,藍天,65131023,40.85
2363,矽統,3041275919,66.7
2364,倫飛,23643359,69.7
2365,昆盈,464785905,39.15
2367,燿華,4068362077,66.8
2368,金像電,7536327845,1330.0
2369,菱生,658917814,32.05
2371,大同,558766661,29.5
2373,震旦行,5843322,56.8
2374,佳能,1277452737,83.4
2375,凱美,3714229555,134.5
2376,技嘉,4228260948,322.5
2377,微星,6620964660,124.0
2379,瑞昱,2143001147,578.0
2380,虹光,922909,5.82
2382,廣達,11380951543,316.0
2383,台光電,15188295575,5005.0
2385,群光,270476006,131.5
2387,精元,23285885,39.65
2388,威盛,3115339003,88.0
2390,云辰,17890633,10.6
2392,正崴,145477753,38.05
2393,億光,197935761,65.2
2395,研華,2341012865,469.0
2397,友通,42949923,62.1
2399,映泰,773656871,46.55
2401,凌陽,1745107438,30.75
2402,毅嘉,412286825,65.9
2404,漢唐,5914740495,1155.0
2405,輔信,91300120,16.55
2406,國碩,139105773,31.75
2408,南亞科,49097892683,310.5
2409,友達,8576715690,22.2
2412,中華電,1145565690,137.0
2413,環科,350429223,51.5
2414,精技,15806772,50.2
2415,錩新,4126112,27.25
2417,圓剛,192749583,50.9
2419,仲琦,117529832,31.6
2420,新巨,69871283,62.7
2421,建準,2605614593,158.5
2423,固緯,25477774,74.7
2424,隴華,1368960,14.6
2425,承啟,21430541,34.7
2426,鼎元,1547784700,83.2
2427,三商電,17332318,20.7
2428,興勤,506642795,242.5
2429,銘旺科,34220591,48.45
2430,燦坤,2165058,18.3
2431,聯昌,5910340,10.65
2432,倚天酷碁-創,952254,26.25
2433,互盛電,3114286,44.45
2434,統懋,1034290,29.95
2436,偉詮電,963274544,77.6
2438,翔耀,2969541,22.0
2439,美律,356420881,88.3
2440,太空梭,19474545,18.0
2441,超豐,1895865391,117.0
2442,新美齊,25868211,18.5
2444,兆勁,9230601,12.65
2449,京元電子,7831615608,296.0
2450,神腦,4155962,29.2
2451,創見,1360663574,316.5
2453,凌群,67126681,57.2
2454,聯發科,78869385469,3860.0
2455,全新,6662407623,425.0
2457,飛宏,136123907,26.2
2458,義隆,725849405,162.0
2459,敦吉,13274597,67.1
2460,建通,23386695,32.55
2461,光群雷,21275443,16.75
2462,良得電,8516148,20.8
2464,盟立,5360980559,144.0
2465,麗臺,371270362,85.9
2466,冠西電,28248526,50.3
2467,志聖,1497718436,603.0
2468,華經,9512605,34.2
2471,資通,9068662,50.5
2472,立隆電,4393247326,260.0
2474,可成,1051781545,187.5
2476,鉅祥,858757275,121.0
2477,美隆電,4021503,21.15
2478,大毅,469262276,127.5
2480,敦陽科,43395409,149.5
2481,強茂,6772338322,133.5
2482,連宇,4678499,16.9
2483,百容,25266691,25.95
2484,希華,1657235851,49.3
2485,兆赫,2663671825,73.0
2486,一詮,2687013032,271.0
2488,漢平,31795480,54.4
2489,瑞軒,1514136949,51.4
2491,吉祥全,52276954,22.15
2492,華新科,3172668011,292.5
2493,揚博,349908571,137.5
2495,普安,1057434662,44.2
2496,卓越,805015,64.5
2497,怡利電,20136425,57.0
2498,宏達電,730732939,46.4
2501,國建,60841696,22.05
2504,國產,58116513,34.65
2505,國揚,8874907,18.1
2506,太設,1099271,8.67
2509,全坤建,1024153,12.9
2511,太子,6901183,7.74
2514,龍邦,1431109,12.95
2515,中工,285872382,13.35
2516,新建,1146654,12.35
2520,冠德,45425694,30.45
2524,京城,2655808,33.35
2527,宏璟,11304599,33.55
2528,皇普,7297460,22.15
2530,華建,27640062,20.45
2534,宏盛,6861142,18.1
2535,達欣工,70328064,77.5
2536,宏普,8613189,19.95
2537,聯上發,19327474,9.57
2538,基泰,1856221,9.41
2539,櫻花建,24669011,38.2
2540,愛山林,53085228,55.8
2542,興富發,395991694,43.2
2543,皇昌,322064772,45.5
2545,皇翔,15908722,36.95
2546,根基,7996195,84.6
2547,日勝生,17709993,10.0
2548,華固,218449317,123.5
2597,潤弘,137094716,163.5
2601,益航,11109418,5.03
2603,長榮,6550430773,219.0
2605,新興,139868010,31.3
2606,裕民,323736650,65.4
2607,榮運,25673294,47.9
2608,嘉里大榮,16519294,29.0
2609,陽明,2353358199,53.0
2610,華航,569900019,18.55
2611,志信,6746424,12.95
2612,中航,60928828,55.8
2613,中櫃,7607919,21.95
2614,東森,22855660,18.1
2615,萬海,1953604141,84.3
2616,山隆,4168929,13.75
2617,台航,18086395,29.0
2618,長榮航,1604190697,35.5
2630,亞航,34389046,43.5
2633,台灣高鐵,221481101,25.8
2634,漢翔,154194665,46.5
2636,台驊控股,29995820,67.2
2637,慧洋-KY,231296580,71.2
2642,宅配通,1882674,20.4
2645,長榮航太,240564998,160.5
2646,星宇航空,106449754,20.45
2701,萬企,2268763,10.25
2702,華園,736906,13.05
2704,國賓,3598124,41.85
2705,六福,4062794,15.15
2706,第一店,2322229,11.95
2707,晶華,30199327,174.0
2712,遠雄來,124990,15.5
2722,夏都,484693,22.65
2723,美食-KY,25333900,62.8
2727,王品,82314043,232.0
2731,雄獅,73305409,160.0
2739,寒舍,4337315,34.7
2748,雲品,8463179,39.25
2753,八方雲集,80371193,173.5
2762,世界健身-KY,10141417,82.9
2801,彰銀,522963540,20.3
2812,台中銀,177214230,18.95
2816,旺旺保,2527057,31.0
2820,華票,15703585,16.9
2832,台產,6507719,53.2
2834,臺企銀,337010026,16.0
2836,高雄銀,15314105,11.85
2836A,高雄銀甲特,350639,24.5
2838,聯邦銀,25805812,20.15
2838A,聯邦銀甲特,4813965,54.6
2845,遠東銀,124282602,12.1
2849,安泰銀,1158455,13.3
2850,新產,45452947,136.5
2851,中再保,115289185,34.8
2852,第一保,11036941,26.95
2855,統一證,223382372,40.75
2867,三商壽,60449023,7.63
2880,華南金,1026778317,31.95
2881,富邦金,3965510756,95.1
2881A,富邦特,15676373,64.0
2881B,富邦金乙特,9411378,62.7
2881C,富邦金丙特,14572059,51.2
2882,國泰金,3223758814,79.7
2882A,國泰特,28413791,62.0
2882B,國泰金乙特,2548686,60.8
2883,凱基金,946822140,21.7
2883B,凱基金乙特,5183809,8.2
2884,玉山金,1281636709,31.3
2885,元大金,1394767250,55.1
2886,兆豐金,1156261914,39.9
2887,台新新光金,2521754086,23.8
2887E,台新新光戊特一,20591074,51.1
2887F,台新新光戊特二,1093456,47.3
2887G,台新新光庚特一,879137,42.65
2887H,台新新光庚特二,4806727,41.05
2887I,台新新光辛特,23279261,9.4
2887Z1,台新新光己特,937637,17.3
2889,國票金,27813193,14.65
2890,永豐金,1425940349,29.1
2891,中信金,2151778278,57.6
2891B,中信金乙特,327275,64.4
2891C,中信金丙特,2692440,62.3
2892,第一金,2339486037,27.55
2897,王道銀行,27227405,10.0
2897B,王道銀乙特,462985,11.9
2901,欣欣,372754,22.6
2903,遠百,29405579,22.25
2904,匯僑,1100355,14.25
2905,三商,11503115,13.65
2906,高林,1798152,12.65
2908,特力,8064691,21.15
2910,統領,128987,21.15
2911,麗嬰房,6657928,8.69
2912,統一超,1385204913,220.0
2913,農林,13981281,10.9
2915,潤泰全,173674911,43.3
2923,鼎固-KY,2025211,21.45
2929,淘帝-KY,8161555,5.73
2939,永邑-KY,226100,22.5
2945,三商家購,418467,40.95
3002,歐格,5243025,17.55
3003,健和興,101329291,61.9
3004,豐達科,122439541,130.5
3005,神基,765959080,104.0
3006,晶豪科,7111115337,237.5
3008,大立光,4544587100,3540.0
3010,華立,200419775,138.0
3011,今皓,17771650,13.7
3013,晟銘電,655309511,110.5
3014,聯陽,679006782,148.0
3015,全漢,26093662,51.5
3016,嘉晶,183149500,121.0
3017,奇鋐,13965964590,2545.0
3018,隆銘綠能,92804,9.88
3019,亞光,1976461347,153.5
3021,鴻名,24979321,18.8
3022,威強電,72966653,71.6
3023,信邦,748100842,314.5
3024,憶聲,61191847,17.6
3025,星通,197039025,71.0
3026,禾伸堂,799024709,476.5
3027,盛達,9757128,18.15
3028,增你強,473177527,82.3
3029,零壹,94027646,97.0
3030,德律,2324781115,419.5
3031,佰鴻,362412077,33.75
3032,偉訓,470021083,87.2
3033,威健,1290914782,53.9
3034,聯詠,4009173719,485.5
3035,智原,5982481211,211.0
3036,文曄,3681769614,289.0
3037,欣興,40442520937,970.0
3038,全台,14339985,23.15
3040,遠見,4650915,39.6
3041,揚智,134569704,27.15
3042,晶技,5394811160,176.0
3043,科風,7271905,21.4
3044,健鼎,1805948773,490.5
3045,台灣大,1922997849,112.0
3046,建碁,24525932,53.4
3047,訊舟,54476118,15.4
3048,益登,1601231637,74.5
3049,精金,75286393,12.45
3050,鈺德,9421813,12.5
3051,力特,198015289,28.2
3052,夆典,2805936,10.55
3054,立萬利,13160544,67.6
3055,蔚華科,563298386,118.0
3056,富華新,21324662,13.6
3057,喬鼎,5515053,19.75
3058,立德,8109864,8.42
3059,華晶科,383061724,43.55
3060,銘異,71587093,28.85
3062,建漢,368371444,29.35
3090,日電貿,1823980919,215.0
3092,鴻碩,31821637,30.7
3094,聯傑,114192701,35.35
3130,一零四,7631942,221.0
3135,凌航,370857092,211.5
3138,耀登,340383743,169.5
3149,正達,2056620704,59.1
3150,鈺寶-創,2658723,20.15
3164,景岳,2721239,16.8
3167,大量,4993077789,831.0
3168,眾福科,2403938,45.35
3189,景碩,6883833352,609.0
3209,全科,449087166,78.0
3229,晟鈦,20422672,39.6
3231,緯創,10098281418,144.5
3257,虹冠電,48495133,52.8
3266,昇陽,1935578,12.4
3296,勝德,3239110,19.65
3305,昇貿,1820479750,146.0
3308,聯德,3243295,20.5
3311,閎暉,21132526,33.85
3312,弘憶股,133810510,47.65
3321,同泰,5626169,15.95
3338,泰碩,164799721,77.0
3346,麗清,7136445,16.35
3356,奇偶,133110793,63.3
3376,新日興,1260484101,210.0
3380,明泰,181621886,34.15
3406,玉晶光,1135541416,576.0
3413,京鼎,361936638,325.0
3416,融程電,349457925,183.0
3419,譁裕,7729785,14.0
3432,台端,1401773,19.15
3437,榮創,122154811,26.15
3443,創意,13623470060,5140.0
3447,展達,9682135,38.05
3450,聯鈞,1341054638,459.5
3481,群創,17019797092,44.65
3494,誠研,2788680,7.95
3501,維熹,13363477,40.05
3504,揚明光,347519251,83.4
3515,華擎,156310846,232.0
3518,柏騰,50055873,35.65
3528,安馳,174239638,93.8
3530,晶相光,26535776,69.0
3532,台勝科,333128622,248.5
3533,嘉澤,4009421600,2555.0
3535,晶彩科,321000595,127.5
3543,州巧,45919601,37.0
3545,敦泰,268579984,61.6
3550,聯穎,69454013,21.75
3557,嘉威,10550553,25.9
3563,牧德,3809764683,896.0
3576,聯合再生,524058769,18.25
3583,辛耘,1894998848,875.0
3588,通嘉,45918646,63.1
3591,艾笛森,103463034,26.75
3592,瑞鼎,240338582,265.5
3593,力銘,391547,17.45
3596,智易,337765477,189.0
3605,宏致,413363321,80.9
3607,谷崧,12655226,14.95
3617,碩天,81502210,200.5
3622,洋華,28726076,55.9
3645,達邁,1050265036,109.0
3652,精聯,4817542,31.35
3653,健策,2289942280,3660.0
3661,世芯-KY,8024261285,4895.0
3665,貿聯-KY,5141200425,2225.0
3669,圓展,11741021,38.5
3673,TPK-KY,3680439566,77.0
3679,新至陞,8937234,119.5
3686,達能,14465224,18.25
3694,海華,412630800,70.5
3701,大眾控,153147189,57.0
3702,大聯大,1898671397,118.0
3703,欣陸,22706549,20.15
3704,合勤控,579631494,44.0
3705,永信,10381628,55.7
3706,神達,3216988825,87.8
3708,上緯投控,166964836,126.0
3711,日月光投控,17204233478,561.0
3712,永崴投控,25542016,16.15
3714,富采,6063800555,81.4
3715,定穎投控,2294063055,174.5
3716,中化控股,6502152,34.35
3717,聯嘉投控,115936032,24.65
4104,佳醫,11210034,70.4
4106,雃博,2398924,23.3
4108,懷特,12255427,12.9
4119,旭富,8263625,42.25
4133,亞諾法,3075077,21.3
4137,麗豐-KY,15235048,104.0
4142,國光生,20193000,17.5
4148,全宇生技-KY,898079,34.25
4155,訊映,8399034,15.2
4164,承業醫,22189835,28.85
4169,泰宗,21405728,159.0
4178,永笙-KY,6704910,18.95
4190,佐登-KY,1058235,24.75
4195,基米-創,6799503,18.85
4306,炎洲,39691574,14.05
4414,如興,3325294,8.04
4426,利勤,1971520,7.61
4438,廣越,3802552,57.9
4439,冠星-KY,1476234,92.0
4440,宜新實業,973716,18.25
4441,振大環球,29363153,207.5
4526,東台,478308839,39.45
4532,瑞智,16093555,23.4
4536,拓凱,57879799,163.0
4540,全球傳動,804749830,72.6
4545,銘鈺,19584398,33.2
4551,智伸科,172486888,155.5
4552,力達-KY,2888828,19.9
4555,氣立,236702919,49.7
4557,永新-KY,3786851,47.0
4560,強信-KY,8698543,32.3
4562,穎漢,156055709,42.8
4564,元翎,40267657,15.8
4566,時碩工業,47596587,63.2
4569,六方科-KY,45728707,187.0
4571,鈞興-KY,500128282,229.5
4572,駐龍,4781950,143.0
4576,大銀微系統,1137669727,261.5
4581,光隆精密-KY,747397,49.45
4582,聚恆-創,47894564,24.15
4583,台灣精銳,110726728,729.0
4585,達明,280866783,351.0
4588,玖鼎電力,4608689,56.2
4590,富田-創,13280867,74.0
4720,德淵,64997444,25.8
4722,國精化,1954127572,286.5
4736,泰博,15634729,123.0
4737,華廣,2712349,57.0
4739,康普,545757318,101.0
4746,台耀,32907881,52.3
4755,三福化,163679749,146.5
4763,材料*-KY,475324015,43.7
4764,雙鍵,1205998846,320.0
4766,南寶,502265462,381.5
4770,上品,89430555,228.5
4771,望隼,55349431,192.5
4807,日成-KY,3704311,22.95
4904,遠傳,789938975,95.5
4906,正文,828557210,40.3
4912,聯德控股-KY,116346375,106.0
4915,致伸,393956024,72.0
4916,事欣科,5065028109,98.3
4919,新唐,8281134833,199.5
4927,泰鼎-KY,1523836544,56.3
4930,燦星網,1485524,16.7
4934,太極,20435633,17.4
4935,茂林-KY,3939119,37.0
4938,和碩,1134388289,80.7
4942,嘉彰,7394995,37.65
4943,康控-KY,622296,8.94
4949,有成精密,578850814,98.2
4952,凌通,125183712,53.9
4956,光鋐,545614578,48.2
4958,臻鼎-KY,26596837915,516.0
4960,誠美材,928971987,35.8
4961,天鈺,331383576,175.5
4967,十銓,1274965167,270.5
4968,立積,164859665,119.5
4976,佳凌,61018496,32.9
4977,眾達-KY,1131223487,219.5
4989,榮科,1764593516,99.4
4994,傳奇,2656700,89.4
4999,鑫禾,2939105,20.1
5007,三星,3574114,56.8
5203,訊連,15977111,64.9
5215,科嘉-KY,12035207,45.55
5222,全訊,78456432,128.0
5225,東科-KY,16664455,71.2
5234,達興材料,564158142,443.5
5243,乙盛-KY,1238157916,123.0
5244,弘凱,69481299,41.2
5258,虹堡,115340594,57.6
5269,祥碩,2715422015,1480.0
5283,禾聯碩,5445623,52.1
5284,jpp-KY,1048215478,410.0
5285,界霖,472002037,79.1
5288,豐祥-KY,13960222,150.5
5292,華懋,21671906,219.5
5306,桂盟,10612940,83.2
5388,中磊,507944526,85.1
5434,崇越,889743548,449.5
5469,瀚宇博,173802291,82.9
5471,松翰,217703162,54.0
5484,慧友,95570811,44.7
5515,建國,21326142,40.2
5519,隆大,11950366,32.65
5521,工信,60347040,10.7
5522,遠雄,64936149,69.5
5525,順天,6364396,21.7
5531,鄉林,4717719,7.72
5533,皇鼎,1192000,13.85
5534,長虹,51130376,75.5
5538,東明-KY,1850766,34.0
5546,永固-KY,356976,16.9
5607,遠雄港,39560897,50.1
5608,四維航,24628698,14.25
5706,鳳凰,14629453,49.95
5871,中租-KY,1149599091,111.0
5871A,中租-KY甲特,9198006,102.5
5876,上海商銀,422299260,40.05
5880,合庫金,350253676,22.7
5906,台南-KY,238545,46.0
5907,大洋-KY,3486224,5.02
6005,群益證,260266359,31.9
6024,群益期,20244221,56.5
6108,競國,28704668,19.45
6112,邁達特,23527197,43.05
6115,鎰勝,6683680,46.95
6116,彩晶,1186348668,11.85
6117,迎廣,120504601,88.5
6120,達運,202973457,14.7
6128,上福,7107211,18.8
6133,金橋,66499641,24.1
6136,富爾特,14485152,25.75
6139,亞翔,5075673886,769.0
6141,柏承,88636589,34.0
6142,友勁,6385992,8.25
6152,百一,48262510,16.1
6153,嘉聯益,161361389,19.35
6155,鈞寶,1403448823,61.2
6164,華興,14498732,12.6
6165,浪凡,23058610,49.45
6166,凌華,597143863,127.0
6168,宏齊,744221499,30.8
6176,瑞儀,763769473,107.5
6177,達麗,77609017,44.25
6183,關貿,2463616,91.6
6184,大豐電,2750081,46.15
6189,豐藝,95784996,51.7
6191,精成科,516935516,96.8
6192,巨路,49040692,132.0
6196,帆宣,1310226119,442.0
6197,佳必琪,2333130742,256.0
6201,亞弘電,1390605,47.0
6202,盛群,545644079,60.8
6205,詮欣,381058687,84.9
6206,飛捷,477793745,140.0
6209,今國光,3490614708,85.8
6213,聯茂,3162750283,262.0
6214,精誠,365958338,130.0
6215,和椿,1634292779,134.5
6216,居易,4961853,22.7
6224,聚鼎,414366226,86.1
6225,天瀚,483796,25.0
6226,光鼎,44174045,13.15
6230,尼得科超眾,13200360,138.5
6235,華孚,36196922,41.9
6239,力成,2037150879,283.0
6243,迅杰,45580885,36.3
6257,矽格,3054756740,222.0
6269,台郡,262753045,62.4
6271,同欣電,1902334663,226.5
6272,驊陞,17149962,33.65
6277,宏正,24732259,74.5
6278,台表科,4681799260,245.0
6281,全國電,5719083,50.7
6282,康舒,4424554448,57.4
6283,淳安,4348355,24.6
6285,啟碁,8981114973,296.0
6405,悅城,59458896,62.8
6409,旭隼,730338756,677.0
6412,群電,486614145,100.5
6414,樺漢,508901860,350.5
6415,矽力*-KY,6828731426,562.0
6416,瑞祺電通,40329733,91.5
6426,統新,677010625,268.0
6431,光麗-KY,1457305,20.8
6438,迅得,229880041,169.0
6442,光聖,6672797995,1875.0
6443,元晶,565939480,40.05
6446,藥華藥,1082688387,810.0
6449,鈺邦,348694281,305.5
6451,訊芯-KY,2440991035,524.0
6456,GIS-KY,1685057196,76.1
6464,台數科,2842670,78.1
6472,保瑞,743910508,379.5
6477,安集,18351120,34.45
6491,晶碩,134896078,308.0
6504,南六,2726509,38.55
6505,台塑化,272430219,51.0
6515,穎崴,7923816705,8700.0
6525,捷敏-KY,114553756,116.0
6526,達發,1422579666,725.0
6531,愛普*,7696639626,963.0
6533,晶心科,246111583,240.0
6534,正瀚-創,16584123,97.0
6541,泰福-KY,13194838,38.6
6550,北極星藥業-KY,13920272,16.25
6552,易華電,43553884,31.55
6558,興能高,61363290,33.0
6573,虹揚-KY,1481893,13.15
6579,研揚,119616056,154.5
6581,鋼聯,1137124,107.0
6582,申豐,1883087,30.85
6585,鼎基,11258696,95.3
6589,台康生技,54514975,43.7
6591,動力-KY,11881448,53.5
6592,和潤企業,26326410,60.6
6592A,和潤企業甲特,403142,96.9
6592B,和潤企業乙特,4422421,97.0
6598,ABC-KY,2146644,24.3
6605,帝寶,31985202,130.0
6606,建德工業,2995580,24.7
6614,資拓宏宇,2804892,39.4
6625,必應,11269895,73.1
6641,基士德-KY,184068,18.35
6645,金萬林-創,1639287,11.95
6655,科定,1312593,132.5
6657,華安,8582382,40.35
6658,聯策,263392089,193.0
6666,羅麗芬-KY,578745,40.6
6668,中揚光,25148739,39.65
6669,緯穎,10780928065,5525.0
6670,復盛應用,47393555,260.5
6671,三能-KY,1243882,28.0
6672,騰輝電子-KY,1382680636,193.0
6674,鋐寶科技,1229450,17.6
6689,伊雲谷,16824429,66.9
6691,洋基工程,178541611,628.0
6695,芯鼎,412032028,56.6
6698,旭暉應材,41076003,34.2
6706,惠特,1701371575,185.0
6715,嘉基,354033737,461.5
6719,力智,514023093,232.0
6722,輝創,3854323,37.6
6742,澤米,633555735,61.5
6743,安普新,10786315,29.15
6753,龍德造船,201963883,126.5
6754,匯僑設計,986120,44.35
6756,威鋒電子,73882875,105.0
6757,台灣虎航,69928245,54.1
6768,志強-KY,46378290,84.2
6770,力積電,13789563114,63.8
6771,平和環保-創,3466750,41.7
6776,展碁國際,34695839,59.1
6781,AES-KY,1467941155,1210.0
6782,視陽,49232751,191.0
6789,采鈺,2508725029,556.0
6790,永豐實,10135592,39.2
6792,詠業,27226205,68.5
6794,向榮生技,3274105,79.5
6796,晉弘,2836908,61.6
6799,來頡,120723087,100.5
6805,富世達,1791594555,1795.0
6806,森崴能源,6489040,9.27
6807,峰源-KY,267130,33.3
6830,汎銓,1311507127,716.0
6831,邁科,351696526,786.0
6834,天二科技,882195572,70.5
6835,圓裕,35890546,39.3
6838,台新藥,4432347,25.9
6854,錼創科技-KY創,208362149,169.5
6861,睿生光電,1868499197,449.0
6862,三集瑞-KY,521376047,189.0
6863,永道-KY,13752725,110.0
6869,雲豹能源,46012618,80.7
6873,泓德能源,42842046,87.4
6885,全福生技,5792822,22.4
6887,寶綠特-KY,2773667,33.95
6890,來億-KY,57716521,169.0
6901,鑽石投資,18725594,14.0
6902,GOGOLOOK,92835117,129.5
6906,現觀科,32031966,84.3
6908,宏碁遊戲-創,484302,38.3
6909,創控,46663383,53.7
6914,阜爾運通,17350499,143.5
6916,華凌,693717,17.8
6918,愛派司,2804063,74.5
6919,康霈*,534850009,104.0
6921,嘉雨思-創,2982304,78.2
6923,中台,13510554,79.2
6924,榮惠-KY創,10979282,168.5
6928,攸泰科技,3814285,47.0
6931,青松健康,4922796,40.95
6933,AMAX-KY,34020931,165.0
6934,心誠鎂,2115388,76.8
6936,永鴻生技,883383,33.6
6937,天虹,522296316,323.5
6944,兆聯實業,444893162,924.0
6949,沛爾生醫*-創,63952343,669.0
6951,青新-創,3710482,81.0
6952,大武山,1552382,36.75
6955,邦睿生技-創,457412,151.5
6957,裕慶-KY,13663414,160.5
6958,日盛台駿,945427,17.35
6958A,日盛台駿甲特,222600,18.55
6962,奕力-KY,345565775,39.85
6965,中傑-KY,3352202,77.0
6969,成信實業*-創,1824618,28.0
6988,威力暘-創,1587064,16.7
6994,富威電力,28194980,56.0
7610,聯友金屬-創,2373850885,1250.0
7631,聚賢研發-創,5108093,126.0
7705,三商餐飲,2135709,31.9
7711,永擎,321878678,389.0
7721,微程式,73389114,80.0
7722,LINEPAY,40501665,266.0
7730,暉盛-創,150761776,230.0
7732,金興精密,489371,35.2
7736,虎山,1808617,71.5
7740,熙特爾-創,122320130,182.5
7749,意騰-KY,817151540,544.0
7750,新代,969152160,2390.0
7760,享溫馨,2707916,33.4
7765,中華資安,12677610,249.0
7768,頌勝科技,110845660,378.0
7769,鴻勁,4239099315,7730.0
7780,大研生醫*,35954499,18.5
7786,東方風能,29165862,118.5
7788,松川精密,166683213,192.5
7791,皇家可口,1488584,63.2
7795,長廣,647740895,414.5
7799,禾榮科,66494672,328.5
7803,雲象科技-創,12083460,23.9
7818,溢泰實業,71700734,65.0
7821,神數,10285692,44.4
7822,倍利科,267963035,1070.0
7823,奧義賽博-KY創,11141082,107.0
8011,台通,30880265,18.4
8016,矽創,652042130,292.0
8021,尖點,2513013044,422.0
8028,昇陽半導體,2472071474,294.0
8033,雷虎,403822779,138.0
8039,台虹,3245845704,151.0
8045,達運光電,17236760,71.8
8046,南電,16320251196,934.0
8070,長華*,131853073,44.9
8072,陞泰,3963867,27.9
8081,致新,419490226,279.5
8101,華冠,27705,13.0
8103,瀚荃,113936415,105.5
8104,錸寶,42343345,35.4
8105,凌巨,274719763,17.4
8110,華東,512461536,49.15
8112,至上,1823406390,86.2
8112A,至上甲特,1459147,46.3
8114,振樺電,117428245,236.5
8131,福懋科,277424578,64.7
8150,南茂,3679241176,79.1
8162,微矽電子-創,48944306,60.8
8163,達方,339703676,35.65
8201,無敵,5947417,13.3
8210,勤誠,1770129285,1345.0
8213,志超,36400831,38.55
8215,明基材,187888337,29.35
8222,寶一,10070406,36.35
8249,菱光,80532235,52.8
8261,富鼎,1819128400,160.0
8271,宇瞻,774338043,224.5
8341,日友,10866387,76.2
8367,建新國際,8806460,41.1
8374,羅昇,595825516,109.0
8404,百和興業-KY,6000489,16.6
8411,福貞-KY,333211,12.0
8422,可寧衛*,190642666,26.8
8429,金麗-KY,2254881,6.27
8438,昶昕,105931087,92.5
8442,威宏-KY,2094542,40.5
8443,阿瘦,244336,11.3
8454,富邦媒,186516531,191.5
8462,柏文,20563069,138.5
8463,潤泰材,1976420,21.25
8464,億豐,312938302,316.5
8466,美吉吉-KY,949087,14.1
8467,波力-KY,2754644,126.0
8473,山林水,60473070,39.8
8476,台境*,6075344,15.85
8478,東哥遊艇,17408608,152.5
8481,政伸,429191,40.6
8482,商億-KY,436539,49.0
8487,愛爾達-創,3319225,80.4
8488,吉源-KY,135760,9.85
8499,鼎炫-KY,102878327,316.5
8926,台汽電,418626484,60.9
8940,新天地,675567,17.0
8996,高力,4187276080,1170.0
9103,美德醫療-DR,16473125,5.2
910322,康師傅-DR,979432,23.45
9105,泰金寶-DR,843787012,6.75
910861,神州-DR,109009,4.97
9110,越南控-DR,71240,2.51
911608,明輝-DR,94820,2.64
911622,泰聚亨-DR,502057,3.52
911868,同方友友-DR,851949,1.2
912000,晨訊科-DR,1243706,2.4
9136,巨騰-DR,12525504,10.95
9802,鈺齊-KY,46048178,75.1
9902,台火,2362087,13.65
9904,寶成,325057748,25.8
9905,大華,1984171,20.7
9906,欣巴巴,13442305,34.5
9907,統一實,63867138,15.95
9908,大台北,6004368,29.2
9910,豐泰,243025909,68.7
9911,櫻花,17195182,82.7
9912,偉聯,1091925,12.5
9914,美利達,224127688,67.8
9917,中保科,37301995,112.0
9918,欣天然,4042078,43.55
9919,康那香,6830859,14.25
9921,巨大,109579277,70.3
9924,福興,8001272,41.9
9925,新保,8966116,40.15
9926,新海,1561082,49.0
9927,泰銘,5318387,67.7
9928,中視,2243305,17.95
9929,秋雨,285882,11.4
9930,中聯資源,7530946,67.7
9931,欣高,2227101,33.85
9933,中鼎,200431063,39.3
9934,成霖,5920555,9.71
9935,慶豐富,4966304,18.6
9937,全國,3180134,55.6
9938,百和,97774517,43.15
9939,宏全,178522663,127.0
9940,信義,5375880,18.75
9941,裕融,124397687,73.5
9941A,裕融甲特,328499,50.5
9942,茂順,8234322,117.0
9943,好樂迪,3897838,55.7
9944,新麗,2713939,17.0
9945,潤泰新,228865173,23.3
9946,三發地產,8134724,16.8
9955,佳龍,9149825,28.15
9958,世紀鋼,214235169,101.5
