code,name,roc_year,quarter,gross_margin_pct
1240,茂生農經,115,2,15.21
1259,安心,115,2,23.21
1264,德麥,115,2,33.03
1268,漢來美食,115,2,47.85
1294,漢田生技,115,2,35.3
1295,生合,115,2,49.76
1336,台翰,115,2,14.66
1565,精華,115,2,18.86
1569,濱川,115,2,6.82
1570,力肯,115,2,22.11
1580,新麥,115,2,41.7
1584,精剛,115,2,15.21
1586,和勤,115,2,16.36
1591,駿吉-KY,115,2,38.07
1593,祺驊,115,2,30.17
1595,川寶,115,2,19.86
1599,宏佳騰,115,2,21.59
1742,台蠟,115,2,18.46
1777,生泰,115,2,41.25
1780,立弘,115,2,40.15
1781,合世,115,2,14.34
1784,訊聯,115,2,55.8
1785,光洋科,115,2,13.83
1788,杏昌,115,2,28.46
1796,金穎生技,115,2,21.83
1799,易威,115,2,47.82
1813,寶利徠,115,2,-7.39
1815,富喬,115,2,38.09
2035,唐榮公司,115,2,4.95
2061,風青,115,2,10.82
2063,世鎧精密,115,2,20.52
2064,晉椿,115,2,7.64
2065,世豐,115,2,17.84
2066,世德,115,2,34.9
2067,嘉鋼,115,2,2.77
2070,精湛,115,2,50.16
2073,雄順,115,2,6.31
2221,大甲,115,2,21.83
2230,泰茂,115,2,0.09
2235,謚源,115,2,14.84
2596,綠意,115,2,42.65
2640,大車隊,115,2,50.1
2641,正德,115,2,39.93
2643,捷迅,115,2,8.47
2718,全心投控,115,2,55.82
2719,燦星旅,115,2,14.62
2724,藝舍-KY,115,2,11.28
2726,雅茗-KY,115,2,63.2
2729,瓦城,115,2,50.26
2732,六角,115,2,50.23
2734,易飛網,115,2,14.84
2736,富野,115,2,48.43
2740,華軒,115,2,37.17
2743,山富,115,2,10.72
2745,五福,115,2,14.2
2751,王座,115,2,50.7
2752,豆府,115,2,52.37
2754,亞洲藏壽司,115,2,41.11
2755,揚秦,115,2,27.57
2756,聯發國際,115,2,51.14
2916,滿心,115,2,52.84
2924,宏太-KY,115,2,26.89
2926,誠品生活,115,2,38.17
2937,集雅社,115,2,21.02
2938,床的世界,115,2,69.22
2941,米斯特,115,2,63.94
2947,振宇五金,115,2,41.41
2948,寶陞,115,2,42.12
2949,欣新網,115,2,12.17
3064,泰偉,115,2,89.05
3066,李洲,115,2,34.97
3067,全域,115,2,32.25
3071,協禧,115,2,31.23
3073,天方能源,115,2,16.12
3078,僑威,115,2,19.14
3081,聯亞,115,2,56.31
3083,網龍,115,2,84.82
3085,新零售,115,2,64.28
3086,華義*,115,2,27.97
3088,艾訊,115,2,33.09
3093,港建*,115,2,27.32
3095,及成,115,2,21.84
3105,穩懋,115,2,27.35
3114,好德,115,2,10.48
3115,富榮綱,115,2,100.0
3118,進階,115,2,35.64
3122,笙泉,115,2,34.75
3128,昇銳,115,2,28.77
3131,弘塑,115,2,36.42
3141,晶宏,115,2,43.83
3147,大綜,115,2,11.96
3152,璟德,115,2,43.84
3158,嘉實,115,2,64.66
3162,精確,115,2,10.99
3163,波若威,115,2,17.12
3169,亞信,115,2,54.09
3171,炎洲流通,115,2,25.23
3176,基亞,115,2,56.94
3178,公準,115,2,17.36
3188,鑫龍騰,115,2,39.03
3191,雲嘉南,115,2,28.09
3205,佰研,115,2,6.7
3206,志豐,115,2,20.75
3207,耀勝,115,2,18.3
3211,順達,115,2,16.87
3213,茂訊,115,2,35.86
3217,優群,115,2,48.23
3218,大學光,115,2,57.55
3219,倚強科,115,2,69.18
3221,台嘉碩,115,2,24.02
3224,三顧,115,2,14.85
3226,龍鋒,115,2,4.94
3227,原相,115,2,58.8
3228,金麗科,115,2,59.89
3230,錦明,115,2,4.07
3232,昱捷,115,2,17.22
3234,光環,115,2,15.02
3236,千如,115,2,24.46
3252,海灣,115,2,41.79
3259,鑫創,115,2,12.37
3260,威剛,115,2,47.63
3264,欣銓,115,2,39.32
3265,台星科,115,2,27.53
3268,海德威,115,2,6.85
3272,東碩,115,2,5.72
3276,宇環,115,2,2.72
3284,太普高,115,2,22.16
3285,微端,115,2,24.04
3287,廣寰科,115,2,42.15
3288,點晶,115,2,73.78
3289,宜特,115,2,21.9
3290,東浦,115,2,22.51
3293,鈊象,115,2,97.82
3294,英濟,115,2,8.06
3297,杭特,115,2,36.52
3303,岱稜,115,2,36.72
3306,鼎天,115,2,24.93
3310,佳穎,115,2,22.64
3313,斐成,115,2,24.06
3317,尼克森,115,2,29.1
3322,建舜電,115,2,9.9
3323,加百裕,115,2,8.55
3324,雙鴻,115,2,29.03
3325,旭品,115,2,-10.77
3332,幸康,115,2,35.36
3339,泰谷,115,2,3.4
3349,寶德,115,2,6.41
3354,律勝,115,2,32.65
3357,臺慶科,115,2,29.9
3360,尚立,115,2,3.14
3362,先進光,115,2,10.9
3363,上詮,115,2,1.01
3372,典範,115,2,3.02
3373,熱映,115,2,16.6
3374,精材,115,2,28.59
3379,彬台,115,2,21.8
3388,崇越電,115,2,20.31
3390,旭軟,115,2,13.09
3402,漢科,115,2,21.05
3430,奇鈦科,115,2,24.21
3434,哲固,115,2,19.74
3438,類比科,115,2,38.37
3441,聯一光電,115,2,34.26
3444,利機,115,2,19.71
3455,由田,115,2,56.9
3465,進泰電子,115,2,12.31
3466,德晉,115,2,9.19
3467,台灣精材,115,2,24.74
3479,安勤,115,2,26.01
3483,力致,115,2,16.51
3484,崧騰,115,2,21.35
3485,敘豐,115,2,52.12
3489,森寶,115,2,4.61
3490,單井,115,2,16.52
3491,昇達科,115,2,56.86
3492,長盛,115,2,27.18
3498,陽程,115,2,41.64
3499,環天科,115,2,18.52
3508,位速,115,2,10.63
3511,矽瑪,115,2,14.63
3512,皇龍,115,2,40.62
3516,亞帝歐,115,2,21.76
3520,華盈,115,2,11.15
3521,台鋼建設,115,2,-38.89
3522,御嵿,115,2,49.61
3523,迎輝,115,2,-48.79
3526,凡甲,115,2,48.92
3527,聚積,115,2,39.94
3529,力旺,115,2,100.0
3531,先益,115,2,17.23
3537,堡達,115,2,15.26
3540,曜越,115,2,29.26
3541,西柏,115,2,35.75
3546,宇峻,115,2,87.23
3548,兆利,115,2,7.37
3551,世禾,115,2,38.48
3552,同致,115,2,14.51
3555,博士旺,115,2,48.58
3556,禾瑞亞,115,2,49.52
3558,神準,115,2,16.45
3564,其陽,115,2,24.45
3567,逸昌,115,2,28.77
3570,大塚,115,2,27.25
3577,泓格,115,2,59.06
3580,友威科,115,2,48.25
3581,博磊,115,2,32.7
3587,閎康,115,2,32.47
3594,磐儀,115,2,34.95
3597,映興,115,2,23.7
3609,三一東林,115,2,26.64
3611,鼎翰,115,2,32.5
3615,安可,115,2,19.07
3623,富晶通,115,2,2.45
3624,光頡,115,2,30.89
3625,西勝,115,2,14.21
3628,盈正,115,2,29.01
3629,地心引力,115,2,33.16
3630,新鉅科,115,2,13.22
3631,晟楠,115,2,16.71
3632,研勤,115,2,56.89
3646,艾恩特,115,2,24.25
3663,鑫科,115,2,4.46
3664,安瑞-KY,115,2,91.97
3666,光耀,115,2,-12.85
3672,康聯訊,115,2,36.41
3675,德微,115,2,39.63
3680,家登,115,2,43.23
3684,榮昌,115,2,34.02
3685,元創精密,115,2,23.4
3687,歐買尬,115,2,40.35
3689,湧德,115,2,29.59
3691,碩禾,115,2,14.34
3693,營邦,115,2,26.17
3707,漢磊,115,2,8.42
3709,鑫聯大投控,115,2,6.5
3710,連展投控,115,2,17.95
3713,新晶投控,115,2,24.51
4102,永日,115,2,24.23
4105,東洋,115,2,59.31
4107,邦特,115,2,45.35
4109,加捷生醫,115,2,27.67
4111,濟生,115,2,39.36
4113,聯上,115,2,19.47
4114,健喬,115,2,40.39
4116,明基醫,115,2,32.27
4120,友華,115,2,49.45
4121,優盛,115,2,33.82
4123,晟德,115,2,45.17
4126,太醫,115,2,32.63
4127,天良,115,2,60.14
4128,中天,115,2,38.42
4129,聯合,115,2,78.97
4131,浩泰,115,2,43.78
4138,曜亞,115,2,42.08
4139,馬光-KY,115,2,10.07
4147,中裕,115,2,56.79
4153,鈺緯,115,2,28.65
4154,樂威科-KY,115,2,21.74
4157,太景*-KY,115,2,51.67
4160,訊聯基因,115,2,41.03
4161,聿新科,115,2,27.96
4162,智擎,115,2,93.13
4163,鐿鈦,115,2,42.22
4166,友霖,115,2,54.12
4167,松瑞藥,115,2,34.11
4168,醣聯,115,2,41.33
4171,瑞基,115,2,76.36
4173,久裕,115,2,19.35
4174,浩鼎,115,2,-199.35
4175,杏一,115,2,33.56
4183,福永生技,115,2,17.38
4188,安克,115,2,42.62
4192,杏國,115,2,66.27
4198,欣大健康,115,2,33.86
4205,中華食,115,2,36.77
4207,環泰,115,2,18.52
4303,信立,115,2,20.11
4304,勝昱,115,2,20.14
4305,世坤,115,2,34.49
4401,東隆興,115,2,8.45
4402,郡都開發,115,2,11.93
4406,新昕纖,115,2,-5.32
4413,飛寶企業,115,2,20.11
4416,三圓,115,2,56.32
4417,金洲,115,2,32.32
4419,皇家美食,115,2,28.37
4420,光明,115,2,7.2
4430,耀億,115,2,21.72
4432,銘旺實,115,2,23.11
4433,興采,115,2,12.41
4442,竣邦-KY,115,2,27.47
4502,健信,115,2,18.04
4503,金雨,115,2,38.62
4506,崇友,115,2,33.82
4510,高鋒,115,2,14.96
4513,福裕,115,2,11.98
4523,永彰,115,2,20.24
4527,方方土霖,115,2,25.93
4528,江興鍛,115,2,11.63
4529,淳紳,115,2,42.52
4530,天意能創,115,2,8.08
4533,協易機,115,2,21.6
4534,慶騰,115,2,15.99
4535,至興,115,2,17.39
4538,大詠城,115,2,16.29
4541,晟田,115,2,24.07
4542,科嶠,115,2,38.96
4543,萬在,115,2,31.93
4549,桓達,115,2,62.7
4550,長佳,115,2,22.3
4554,橙的,115,2,44.16
4556,旭然,115,2,38.02
4558,寶緯,115,2,10.91
4561,健椿,115,2,25.63
4563,百德,115,2,27.94
4568,科際精密,115,2,27.16
4577,達航科技,115,2,24.54
4580,捷流閥業,115,2,28.25
4584,君帆,115,2,29.7
4609,唐鋒,115,2,10.79
4702,中美實,115,2,36.41
4706,大恭,115,2,19.42
4707,磐亞,115,2,3.82
4711,永純,115,2,20.75
4714,永捷,115,2,14.65
4716,大立,115,2,16.19
4721,美琪瑪,115,2,26.16
4726,永昕,115,2,-19.36
4728,雙美,115,2,80.46
4729,熒茂,115,2,22.38
4735,豪展,115,2,31.09
4741,泓瀚,115,2,35.3
4743,合一,115,2,42.01
4744,皇將,115,2,52.13
4745,合富-KY,115,2,16.68
4747,強生*,115,2,38.5
4749,新應材,115,2,44.97
4754,國碳科,115,2,50.69
4760,勤凱科技,115,2,18.94
4767,誠泰科技,115,2,30.5
4768,晶呈科技,115,2,18.5
4772,台特化,115,2,51.44
4804,大略-KY,115,2,99.4
4806,桂田文創,115,2,23.08
4903,聯光通,115,2,9.73
4905,台聯電,115,2,27.29
4907,富宇,115,2,44.07
4908,前鼎,115,2,46.27
4909,新復興,115,2,-25.04
4911,德英,115,2,70.36
4923,力士,115,2,27.9
4924,欣厚-KY,115,2,26.22
4931,新盛力,115,2,22.81
4933,友輝,115,2,32.09
4939,亞電,115,2,27.31
4946,辣椒,115,2,34.42
4950,金耘國際,115,2,19.19
4951,精拓科,115,2,76.52
4953,緯致,115,2,14.61
4966,譜瑞-KY,115,2,40.25
4971,IET-KY,115,2,41.81
4972,湯石照明,115,2,22.9
4973,廣穎電通,115,2,38.8
4974,亞泰,115,2,14.03
4979,華星光,115,2,23.87
4991,環宇-KY,115,2,48.69
4995,晶達,115,2,31.26
5009,榮剛,115,2,24.08
5011,久陽,115,2,6.31
5013,強新,115,2,13.83
5014,建錩,115,2,4.96
5015,華祺,115,2,20.44
5016,松和,115,2,12.07
5201,凱衛,115,2,33.39
5202,力新,115,2,72.28
5205,中茂,115,2,6.02
5206,坤悅,115,2,40.17
5209,新鼎,115,2,19.28
5210,寶碩,115,2,70.4
5211,蒙恬,115,2,43.95
5212,凌網,115,2,50.8
5213,亞昕,115,2,31.28
5220,萬達光電,115,2,20.92
5223,安力-KY,115,2,14.21
5227,立凱-KY,115,2,-109.65
5228,鈺鎧,115,2,34.32
5230,雷笛克光學,115,2,26.76
5245,智晶,115,2,5.91
5251,天鉞電,115,2,43.14
5263,智崴,115,2,44.29
5272,笙科,115,2,37.8
5274,信驊,115,2,70.74
5276,達輝-KY,115,2,19.44
5278,尚凡*,115,2,55.73
5287,數字,115,2,68.13
5289,宜鼎,115,2,62.82
5291,邑昇,115,2,21.74
5299,杰力,115,2,33.83
5301,寶得利,115,2,84.59
5302,太欣,115,2,31.11
5309,系統電,115,2,23.52
5310,天剛,115,2,9.91
5312,寶島科,115,2,64.48
5314,世紀*,115,2,41.72
5315,光聯,115,2,19.36
5321,美而快,115,2,49.71
5324,士開,115,2,43.45
5328,華容,115,2,23.77
5340,建榮,115,2,22.14
5344,立衛,115,2,12.88
5345,馥鴻,115,2,27.71
5347,世界,115,2,30.91
5348,正能量智能,115,2,28.39
5351,鈺創,115,2,46.6
5353,台林,115,2,24.5
5355,佳總,115,2,0.42
5356,協益,115,2,12.08
5364,力麗店,115,2,7.9
5381,光譜,115,2,30.46
5386,青雲,115,2,23.88
5392,能率,115,2,14.65
5398,慕康生醫,115,2,20.72
5403,中菲,115,2,39.8
5410,國眾,115,2,16.97
5425,台半,115,2,30.4
5426,振發,115,2,21.17
5432,新門,115,2,27.57
5438,東友,115,2,12.41
5439,高技,115,2,21.49
5443,均豪,115,2,36.78
5450,南良,115,2,26.38
5452,佶優,115,2,15.14
5455,昇益,115,2,37.65
5457,宣德,115,2,13.22
5460,同協,115,2,32.35
5464,霖宏,115,2,6.43
5465,富驊,115,2,16.72
5468,凱鈺,115,2,35.72
5474,聰泰,115,2,41.13
5475,德宏,115,2,33.43
5478,智冠,115,2,57.42
5481,新華,115,2,47.26
5483,中美晶,115,2,22.93
5487,通泰,115,2,34.51
5488,松普,115,2,14.93
5489,彩富,115,2,30.49
5490,同亨,115,2,43.62
5493,三聯,115,2,12.53
5498,凱崴,115,2,15.5
5508,永信建,115,2,39.34
5511,德昌,115,2,19.92
5512,力麒,115,2,25.53
5514,三豐,115,2,17.92
5516,雙喜,115,2,6.17
5520,力泰,115,2,24.08
5523,豐謙,115,2,88.23
5529,鉅陞,115,2,35.79
5530,龍巖,115,2,61.01
5536,聖暉*,115,2,22.84
5543,桓鼎-KY,115,2,14.47
5547,久舜,115,2,11.5
5548,安倉,115,2,8.74
5601,台聯櫃,115,2,60.09
5603,陸海,115,2,12.47
5604,中連,115,2,82.98
5609,中菲行,115,2,12.68
5701,劍湖山,115,2,41.08
5703,亞都麗緻,115,2,47.62
5704,老爺知,115,2,27.39
5878,台名,115,2,20.12
5902,德記,115,2,25.33
5903,全家,115,2,35.27
5904,寶雅*,115,2,45.04
5905,南仁湖,115,2,27.0
6028,公勝保經,115,2,14.63
6101,寬魚國際,115,2,15.42
6103,合邦,115,2,9.43
6104,創惟,115,2,45.01
6109,亞元,115,2,21.71
6111,光聚晶電,115,2,27.56
6113,亞矽,115,2,13.69
6114,久威,115,2,14.45
6118,建達,115,2,4.92
6121,新普,115,2,18.13
6122,擎邦,115,2,14.29
6123,上奇,115,2,13.67
6124,業強,115,2,14.79
6125,廣運,115,2,22.57
6126,信音,115,2,19.15
6127,九豪,115,2,5.05
6129,普誠,115,2,33.96
6130,上亞科技,115,2,38.9
6134,萬旭,115,2,21.64
6138,茂達,115,2,38.68
6140,訊達電腦,115,2,9.08
6143,振曜,115,2,21.14
6144,得利影,115,2,40.37
6146,耕興,115,2,46.61
6147,頎邦,115,2,27.12
6148,驊宏資,115,2,25.72
6150,撼訊,115,2,14.86
6151,晉倫,115,2,26.71
6154,順發,115,2,19.38
6156,松上,115,2,14.4
6158,禾昌,115,2,15.46
6160,欣技,115,2,35.9
6161,捷波,115,2,35.41
6163,華電網,115,2,17.48
6167,久正,115,2,5.23
6169,昱泉,115,2,-641.53
6170,統振,115,2,32.39
6171,大城地產,115,2,50.79
6173,信昌電,115,2,28.63
6174,安碁,115,2,36.31
6175,立敦,115,2,21.69
6179,亞通,115,2,12.62
6180,橘子,115,2,26.74
6182,合晶,115,2,20.92
6185,幃翔,115,2,13.39
6186,新潤,115,2,22.88
6187,萬潤,115,2,53.65
6188,廣明,115,2,26.19
6190,萬泰科,115,2,15.25
6194,育富,115,2,7.8
6195,詩肯,115,2,57.37
6198,瑞築,115,2,71.19
6199,天品,115,2,44.35
6203,海韻電,115,2,30.24
6204,艾華,115,2,33.69
6207,雷科,115,2,30.9
6208,日揚,115,2,30.25
6210,慶生,115,2,1.64
6212,理銘,115,2,38.79
6217,中探針,115,2,21.37
6218,豪勉,115,2,22.97
6219,富旺,115,2,23.42
6220,岳豐,115,2,25.94
6221,晉泰,115,2,26.7
6222,立軒,115,2,23.83
6223,旺矽,115,2,58.83
6227,茂綸,115,2,9.69
6228,全譜,115,2,36.63
6229,研通,115,2,9.44
6231,系微,115,2,77.19
6233,旺玖,115,2,44.89
6234,高僑,115,2,8.03
6236,中湛,115,2,83.18
6237,驊訊,115,2,40.16
6240,松崗,115,2,52.78
6241,鑫永洋,115,2,16.62
6242,立康,115,2,66.98
6244,茂迪,115,2,19.64
6245,立端,115,2,30.34
6246,臺龍,115,2,9.23
6248,沛波,115,2,6.62
6259,百徽,115,2,22.32
6261,久元,115,2,30.2
6263,普萊德,115,2,48.07
6264,富裔,115,2,45.09
6265,方土昶,115,2,36.38
6266,泰詠,115,2,16.95
6270,倍微,115,2,8.94
6274,台燿,115,2,27.83
6275,元山,115,2,17.9
6276,安鈦克,115,2,13.8
6279,胡連,115,2,27.37
6284,佳邦,115,2,18.73
6290,良維,115,2,30.7
6291,沛亨,115,2,38.56
6292,迅德,115,2,38.79
6294,智基,115,2,40.24
6411,晶焱,115,2,33.6
6417,韋僑,115,2,34.65
6418,詠昇,115,2,19.86
6419,京晨科,115,2,22.82
6423,億而得,115,2,98.93
6425,易發,115,2,31.6
6432,今展科,115,2,21.98
6435,大中,115,2,27.36
6441,廣錠,115,2,-117.25
6461,益得,115,2,-246.19
6462,神盾,115,2,24.58
6465,威潤,115,2,80.01
6469,大樹,115,2,28.17
6470,宇智,115,2,16.73
6474,華豫寧,115,2,21.36
6482,弘煜科,115,2,98.68
6485,點序,115,2,55.95
6486,互動,115,2,27.85
6488,環球晶,115,2,20.73
6492,生華科,115,2,56.25
6494,九齊,115,2,28.95
6496,科懋,115,2,38.05
6498,久禾光,115,2,44.81
6499,益安,115,2,13.25
6506,雙邦,115,2,20.39
6508,惠光,115,2,25.36
6509,聚和,115,2,35.66
6510,精測,115,2,57.18
6512,啟發電,115,2,23.94
6516,勤崴國際,115,2,48.79
6517,保勝光學,115,2,36.08
6523,達爾膚,115,2,65.42
6527,明達醫,115,2,40.13
6530,創威,115,2,47.27
6532,瑞耘,115,2,39.38
6535,順藥,115,2,35.75
6538,倉和,115,2,39.97
6542,隆中,115,2,79.84
6546,正基,115,2,27.71
6547,高端疫苗,115,2,78.28
6548,長科*,115,2,22.26
6556,勝品,115,2,33.8
6560,欣普羅,115,2,35.13
6561,是方,115,2,48.55
6568,宏觀,115,2,37.5
6569,醫揚,115,2,32.28
6570,維田,115,2,38.0
6574,霈方,115,2,55.5
6576,逸達,115,2,68.3
6577,勁豐,115,2,34.16
6578,達邦蛋白,115,2,24.27
6584,南俊國際,115,2,41.68
6588,東典光電,115,2,29.94
6590,普鴻,115,2,41.8
6593,台灣銘板,115,2,23.82
6596,寬宏藝術,115,2,33.52
6597,立誠,115,2,16.66
6603,富強鑫,115,2,25.0
6609,瀧澤科,115,2,17.65
6612,奈米醫材,115,2,53.82
6613,朋億*,115,2,27.07
6615,慧智,115,2,27.89
6616,特昇-KY,115,2,8.05
6617,共信-KY,115,2,55.64
6620,漢達,115,2,80.54
6624,萬年清,115,2,17.18
6629,泰金-KY,115,2,22.97
6637,醫影,115,2,27.3
6640,均華,115,2,43.14
6642,富致,115,2,51.5
6643,M31,115,2,100.0
6649,台生材,115,2,53.68
6651,全宇昕,115,2,37.1
6654,天正國際,115,2,19.3
6661,威健生技,115,2,41.75
6662,樂斯科,115,2,36.69
6664,群翊,115,2,48.77
6667,信紘科,115,2,23.25
6679,鈺太,115,2,51.35
6680,鑫創電子,115,2,34.32
6683,雍智科技,115,2,49.81
6684,安格,115,2,58.77
6690,安碁資訊,115,2,38.96
6692,進能服,115,2,-8.66
6693,廣閎科,115,2,30.74
6697,東捷資訊,115,2,16.29
6703,軒郁,115,2,62.47
6708,天擎,115,2,53.19
6712,長聖,115,2,78.28
6716,應廣,115,2,39.9
6720,久昌,115,2,43.24
6721,信實,115,2,6.1
6725,矽科宏晟,115,2,22.88
6727,亞泰金屬,115,2,26.47
6728,上洋,115,2,37.03
6730,常廣,115,2,45.17
6732,昇佳電子,115,2,21.6
6733,博晟生醫,115,2,71.24
6735,美達科技,115,2,50.52
6739,竹陞科技,115,2,67.51
6741,91APP*-KY,115,2,73.69
6751,智聯服務,115,2,13.83
6752,叡揚,115,2,46.9
6761,穩得,115,2,38.17
6762,達亞,115,2,22.17
6763,綠界科技*,115,2,41.55
6767,台微醫,115,2,77.46
6785,昱展新藥,115,2,90.33
6788,華景電,115,2,60.19
6791,虎門科技,115,2,40.54
6803,崑鼎,115,2,19.27
6804,明係,115,2,10.88
6811,宏碁資訊,115,2,12.41
6821,聯寶,115,2,36.35
6823,濾能,115,2,-14.12
6829,千附精密,115,2,26.94
6840,東研信超,115,2,40.02
6841,長佳智能,115,2,73.11
6843,進典,115,2,38.88
6844,諾貝兒,115,2,34.15
6846,綠茵,115,2,47.39
6855,數泓科,115,2,48.78
6856,鑫傳,115,2,68.86
6859,伯特光,115,2,22.63
6865,偉康科技,115,2,44.4
6870,騰雲,115,2,70.52
6872,浩宇生醫,115,2,48.73
6874,倍力,115,2,11.99
6875,國邑*,115,2,18.42
6877,鏵友益,115,2,48.87
6881,潤德,115,2,21.13
6884,海柏特,115,2,18.17
6894,衛司特,115,2,36.49
6895,宏碩系統,115,2,-9.6
6899,創為精密,115,2,39.57
6903,巨漢,115,2,32.18
6904,伯鑫,115,2,28.04
6907,雅特力-KY,115,2,38.01
6910,德鴻,115,2,54.74
6913,鴻呈,115,2,29.96
6922,宸曜,115,2,40.05
6925,意藍,115,2,76.21
6929,佑全,115,2,33.03
6945,圓祥生技,115,2,0.0
6953,家碩,115,2,50.01
6961,旅天下,115,2,14.03
6967,汎瑋材料,115,2,27.81
6968,萬達寵物,115,2,41.23
6971,惠民實業,115,2,9.77
6982,大井泵浦,115,2,23.77
6983,華洋精機,115,2,60.39
6986,和迅,115,2,92.96
6996,力領科技,115,2,42.01
6997,博弘,115,2,8.66
7402,邑錡,115,2,32.1
7547,碩網,115,2,56.25
7556,意德士科技,115,2,40.71
7584,樂意,115,2,37.84
7642,昶瑞機電,115,2,27.67
7703,銳澤,115,2,22.89
7704,明遠精密,115,2,38.19
7708,全家餐飲,115,2,47.97
7709,榮田,115,2,26.54
7712,博盛半導體,115,2,35.09
7713,威力德生醫,115,2,35.55
7714,創泓科技,115,2,17.98
7715,裕山,115,2,19.88
7716,昱臺國際,115,2,20.42
7717,萊德光電-KY,115,2,61.15
7718,友鋮,115,2,20.08
7723,築間,115,2,44.45
7728,光焱科技,115,2,63.66
7734,印能科技,115,2,66.31
7738,東聯互動,115,2,55.41
7743,金利食安,115,2,27.65
7744,崴寶,115,2,37.08
7747,昕奇雲端,115,2,15.67
7751,竑騰,115,2,51.87
7753,星亞,115,2,35.9
7757,金色三麥,115,2,54.53
7767,仁大資訊,115,2,12.08
7770,君曜,115,2,32.93
7772,耀穎,115,2,27.99
7777,能率亞洲,115,2,100.0
7782,光速火箭,115,2,66.29
7792,安葆,115,2,19.7
7794,宏碁智新,115,2,19.98
7805,威聯通,115,2,59.94
7810,捷創科技,115,2,54.24
7811,民盛,115,2,20.34
7814,海昌生技,115,2,65.69
7819,精誠金融,115,2,47.34
7820,立盈,115,2,56.09
7825,和亞智慧,115,2,63.06
7828,創新服務,115,2,79.44
7839,達人網,115,2,90.56
7842,天能綠電,115,2,5.99
7856,漢測,115,2,54.88
8024,佑華,115,2,31.42
8027,鈦昇,115,2,29.73
8032,光菱,115,2,12.53
8034,榮群,115,2,52.19
8038,長園科,115,2,23.64
8040,九暘,115,2,43.9
8042,金山電,115,2,21.25
8043,蜜望實,115,2,6.87
8044,網家,115,2,15.57
8047,星雲,115,2,38.91
8048,德勝,115,2,33.73
8049,晶采,115,2,31.52
8050,廣積,115,2,24.93
8054,安國,115,2,16.2
8059,凱碩,115,2,14.09
8064,東捷,115,2,27.38
8066,來思達,115,2,8.92
8067,志旭,115,2,54.05
8068,全達,115,2,13.66
8069,元太,115,2,59.15
8071,能率網通,115,2,15.98
8074,鉅橡,115,2,26.72
8076,伍豐,115,2,33.68
8077,洛碁,115,2,28.82
8080,泰霖,115,2,53.21
8083,瑞穎,115,2,43.16
8084,巨虹,115,2,44.5
8085,福華,115,2,4.44
8086,宏捷科,115,2,32.23
8087,麗升能源,115,2,14.89
8088,品安,115,2,14.12
8089,康全電訊,115,2,32.42
8091,翔名,115,2,37.64
8092,建暐,115,2,14.69
8093,保銳,115,2,14.98
8096,擎亞,115,2,3.81
8097,常珵,115,2,5.74
8099,大世科,115,2,23.83
8102,傑霖科技,115,2,41.74
8107,大億金茂,115,2,15.94
8109,博大,115,2,50.37
8111,立碁,115,2,29.78
8121,越峰,115,2,18.05
8147,正淩,115,2,37.9
8155,博智,115,2,23.93
8171,天宇,115,2,1.84
8176,智捷,115,2,41.44
8182,加高,115,2,12.76
8183,精星,115,2,12.53
8227,巨有科技,115,2,17.76
8234,新漢,115,2,22.93
8240,華宏,115,2,14.19
8255,朋程,115,2,26.96
8272,全景軟體,115,2,74.32
8277,商丞,115,2,33.97
8279,生展,115,2,32.09
8284,三竹,115,2,25.99
8289,泰藝,115,2,23.94
8291,尚茂,115,2,-186.67
8299,群聯,115,2,63.8
8342,益張,115,2,27.59
8349,恒耀國際,115,2,21.32
8354,冠好,115,2,19.52
8358,金居,115,2,28.02
8383,千附,115,2,24.03
8390,金益鼎,115,2,27.06
8401,白紗科,115,2,30.88
8403,盛弘,115,2,15.82
8409,商之器,115,2,77.4
8410,森田,115,2,31.97
8415,大國鋼,115,2,39.52
8416,實威,115,2,54.24
8421,旭源,115,2,20.7
8423,保綠-KY,115,2,29.57
8424,惠普,115,2,32.5
8426,紅木-KY,115,2,19.86
8431,匯鑽科,115,2,9.27
8432,東生華,115,2,55.15
8433,弘帆,115,2,23.22
8435,鉅邁,115,2,48.76
8436,大江,115,2,46.44
8437,大地-KY,115,2,37.38
8440,綠電,115,2,19.24
8444,綠河-KY,115,2,-38.56
8446,華研,115,2,60.39
8450,霹靂,115,2,37.99
8455,大拓-KY,115,2,13.29
8472,納維康,115,2,34.6
8477,創業家,115,2,14.35
8489,三貝德,115,2,55.21
8905,裕國,115,2,12.97
8906,花王,115,2,8.44
8908,欣雄,115,2,10.4
8916,光隆,115,2,13.37
8917,欣泰,115,2,19.09
8921,沈氏,115,2,7.61
8923,時報,115,2,40.34
8924,大田,115,2,8.6
8927,北基,115,2,15.93
8928,鉅明,115,2,12.72
8929,富堡,115,2,23.84
8930,青鋼,115,2,26.33
8931,大汽電,115,2,14.66
8932,智通*,115,2,60.96
8933,愛地雅,115,2,2.03
8935,邦泰,115,2,16.06
8936,國統,115,2,22.51
8937,合騏*,115,2,22.96
8938,明安,115,2,12.94
8941,關中,115,2,27.12
8942,森鉅,115,2,7.94
9949,琉園,115,2,64.34
9950,萬國通,115,2,20.32
9951,皇田,115,2,23.23
9960,邁達康,115,2,36.18
9962,有益,115,2,7.46
